<?xml version="1.0" encoding="UTF-8"?>
<project-private xmlns="http://www.netbeans.org/ns/project-private/1">
    <editor-bookmarks xmlns="http://www.netbeans.org/ns/editor-bookmarks/2" lastBookmarkId="0"/>
    <open-files xmlns="http://www.netbeans.org/ns/projectui-open-files/2">
        <group>
            <file>file:/home/ubuntu/NetBeansProjects/DataStorage/src/datastorage/data.db</file>
            <file>file:/home/ubuntu/NetBeansProjects/DataStorage/src/datastorage/Karyawan.java</file>
            <file>file:/home/ubuntu/NetBeansProjects/DataStorage/src/datastorage/DriveManager.java</file>
            <file>file:/home/ubuntu/NetBeansProjects/DataStorage/src/datastorage/DataStorage.java</file>
        </group>
    </open-files>
</project-private>
